data_source,store_id,base_cooking_minutes,total_item_quantity,distinct_menu_count,waiting_order_count,request_hour,day_of_week,actual_cooking_minutes
SIMULATED,3,20,2,1,5,14,2,36.13
SIMULATED,3,20,2,2,0,10,1,24.53
SIMULATED,1,10,4,1,4,13,6,29.71
SIMULATED,1,10,8,3,0,22,7,23.98
SIMULATED,1,10,7,3,2,12,2,32.05
SIMULATED,1,10,7,1,2,15,5,26.11
SIMULATED,2,15,1,1,4,11,4,30.08
SIMULATED,3,20,6,2,5,11,1,47.27
SIMULATED,3,20,4,3,0,13,7,31.78
SIMULATED,3,20,6,2,2,15,2,35.97
SIMULATED,3,20,5,1,4,20,2,37.52
SIMULATED,2,15,7,3,5,21,5,41.21
SIMULATED,1,10,6,1,1,10,7,22.42
SIMULATED,1,10,6,2,5,17,4,37.67
SIMULATED,3,20,8,2,2,12,2,41.95
SIMULATED,3,20,7,4,2,13,2,40.31
SIMULATED,3,20,8,1,0,11,2,34.12
SIMULATED,2,15,2,2,3,19,4,27.47
SIMULATED,3,20,5,1,5,21,1,40.58
SIMULATED,2,15,6,1,2,16,2,28.25
SIMULATED,2,15,1,1,4,22,2,25.63
SIMULATED,3,20,5,2,1,15,7,31.77
SIMULATED,1,10,1,1,3,10,1,20.62
SIMULATED,2,15,4,1,1,19,1,25.14
SIMULATED,1,10,8,1,4,22,2,34.74
SIMULATED,3,20,3,2,4,19,4,39.58
SIMULATED,1,10,4,3,3,20,6,24.6
SIMULATED,2,15,2,1,1,11,3,24.44
SIMULATED,1,10,4,2,0,11,6,19.61
SIMULATED,1,10,6,1,4,13,3,32.57
SIMULATED,3,20,8,2,4,12,6,50.03
SIMULATED,2,15,4,4,3,13,1,33.58
SIMULATED,1,10,7,3,3,16,4,31.06
SIMULATED,3,20,2,1,3,21,3,29.9
SIMULATED,1,10,4,2,1,18,4,22.49
SIMULATED,2,15,4,1,3,22,7,30.39
SIMULATED,3,20,2,1,5,18,7,40.33
SIMULATED,1,10,3,2,3,17,2,25.85
SIMULATED,2,15,1,1,3,10,4,23.2
SIMULATED,2,15,5,4,5,21,7,41.69
SIMULATED,3,20,8,2,1,14,2,37.75
SIMULATED,3,20,1,1,0,10,5,19.69
SIMULATED,2,15,3,1,4,11,7,34.43
SIMULATED,3,20,4,4,0,19,2,32.28
SIMULATED,3,20,1,1,3,20,5,27.44
SIMULATED,2,15,4,3,1,14,4,24.38
SIMULATED,1,10,5,4,2,22,1,26.87
SIMULATED,3,20,2,1,4,13,5,36.1
SIMULATED,2,15,3,2,0,13,3,22.12
SIMULATED,3,20,5,1,5,18,3,45.46
SIMULATED,3,20,2,1,2,11,1,30.37
SIMULATED,2,15,4,3,1,20,6,25.1
SIMULATED,2,15,8,3,0,11,6,32.34
SIMULATED,1,10,6,2,5,14,2,34.25
SIMULATED,3,20,8,4,4,10,1,48.41
SIMULATED,1,10,1,1,4,18,2,25.33
SIMULATED,2,15,3,1,2,15,7,25.54
SIMULATED,2,15,4,2,5,11,3,38.14
SIMULATED,3,20,7,2,1,12,7,39.32
SIMULATED,1,10,3,3,2,22,4,18.5
SIMULATED,3,20,4,3,1,22,6,32.69
SIMULATED,2,15,4,2,3,15,3,31.13
SIMULATED,1,10,4,1,5,13,4,31.27
SIMULATED,2,15,6,4,5,18,3,45.51
SIMULATED,1,10,2,2,1,19,3,19.97
SIMULATED,2,15,6,4,4,18,1,40.98
SIMULATED,2,15,4,3,0,21,4,24.74
SIMULATED,3,20,4,3,3,11,6,39.43
SIMULATED,2,15,6,1,5,14,5,37.55
SIMULATED,2,15,5,2,1,16,6,27.95
SIMULATED,2,15,3,3,4,14,4,31.37
SIMULATED,2,15,4,4,4,19,6,37.99
SIMULATED,2,15,8,4,3,20,2,36.27
SIMULATED,3,20,3,3,0,14,5,25.05
SIMULATED,3,20,6,1,1,20,3,31.93
SIMULATED,1,10,1,1,3,19,7,23.19
SIMULATED,1,10,8,4,5,19,2,41.77
SIMULATED,2,15,4,2,5,21,1,34.04
SIMULATED,1,10,7,2,1,22,6,25.02
SIMULATED,1,10,2,2,1,22,4,15.36
SIMULATED,3,20,6,4,4,21,5,40.26
SIMULATED,2,15,3,3,3,17,3,32.76
SIMULATED,1,10,5,4,5,13,3,34.84
SIMULATED,1,10,5,3,2,18,1,28.1
SIMULATED,1,10,3,1,3,21,2,21.88
SIMULATED,2,15,6,4,3,10,2,34.38
SIMULATED,2,15,7,1,4,16,4,38.12
SIMULATED,2,15,7,2,3,13,3,38.04
SIMULATED,2,15,8,1,3,15,6,36.47
SIMULATED,1,10,8,2,4,18,1,36.5
SIMULATED,2,15,1,1,5,16,2,29.51
SIMULATED,2,15,7,3,1,17,3,32.64
SIMULATED,2,15,7,3,3,14,7,37.01
SIMULATED,3,20,1,1,1,20,1,22.92
SIMULATED,3,20,1,1,1,13,7,27.48
SIMULATED,1,10,8,1,4,13,4,36.89
SIMULATED,3,20,5,3,1,19,5,36.46
SIMULATED,1,10,5,1,4,10,3,27.97
SIMULATED,3,20,7,4,5,13,1,48.31
SIMULATED,1,10,2,2,5,19,7,29.36
SIMULATED,1,10,1,1,4,16,6,21.22
SIMULATED,2,15,1,1,3,11,4,27.44
SIMULATED,2,15,8,2,3,12,6,39.08
SIMULATED,3,20,8,4,3,21,5,43.16
SIMULATED,2,15,6,2,0,14,4,24.85
SIMULATED,3,20,7,3,0,17,7,37.74
SIMULATED,2,15,3,2,1,15,7,23.15
SIMULATED,3,20,5,1,4,13,1,42.37
SIMULATED,1,10,7,4,4,22,2,33.77
SIMULATED,2,15,8,1,0,14,2,25.99
SIMULATED,2,15,4,3,5,19,3,37.54
SIMULATED,2,15,6,3,5,17,3,42.85
SIMULATED,2,15,5,2,0,21,2,22.21
SIMULATED,3,20,3,1,1,21,4,28.21
SIMULATED,2,15,5,1,1,14,2,24.35
SIMULATED,3,20,3,2,0,10,5,25.18
SIMULATED,2,15,3,3,3,11,7,33.58
SIMULATED,2,15,8,3,1,10,3,32.08
SIMULATED,2,15,2,1,3,17,1,26.58
SIMULATED,1,10,3,3,2,11,2,22.95
SIMULATED,1,10,7,2,4,16,4,33.65
SIMULATED,3,20,7,3,4,19,1,46.05
SIMULATED,3,20,2,1,5,13,3,38.43
SIMULATED,1,10,2,1,0,16,4,11.21
SIMULATED,3,20,8,3,0,13,3,36.7
SIMULATED,2,15,2,1,2,22,7,21.6
SIMULATED,3,20,4,4,0,18,2,29.23
SIMULATED,1,10,2,1,1,22,3,12.5
SIMULATED,3,20,5,4,0,17,6,33.19
SIMULATED,2,15,8,4,0,19,1,34.15
SIMULATED,2,15,6,3,0,11,2,30.82
SIMULATED,3,20,1,1,4,10,7,31.66
SIMULATED,1,10,8,4,2,12,5,31.57
SIMULATED,1,10,8,3,3,15,3,33.46
SIMULATED,3,20,2,1,2,16,6,26.63
SIMULATED,2,15,1,1,0,15,3,15.05
SIMULATED,2,15,2,2,4,10,6,30.71
SIMULATED,1,10,4,3,4,22,4,27.22
SIMULATED,3,20,8,1,1,14,5,36.07
SIMULATED,3,20,8,1,0,20,5,33.33
SIMULATED,1,10,3,2,4,10,5,24.88
SIMULATED,1,10,8,1,5,12,4,40.07
SIMULATED,3,20,5,3,3,17,4,40.26
SIMULATED,2,15,4,2,0,14,7,23.72
SIMULATED,2,15,6,3,0,14,6,26.12
SIMULATED,3,20,8,2,3,18,4,46.32
SIMULATED,2,15,6,4,3,15,7,36.5
SIMULATED,3,20,7,2,3,10,3,41.72
SIMULATED,3,20,8,4,3,20,7,45.85
SIMULATED,2,15,1,1,4,19,3,26.15
